id;content;created_at;user_id;n
1;mobile Fish;2019-11-16;59865;Table Computer
2;Trace;2019-11-16;60111;alarm
3;Tasty Metal Bacon;2019-11-15;21233;Chips
4;Money Market Account;2019-11-16;52475;web-readiness
5;Namibia;2019-11-16;13949;zero administration
6;Multi-channelled Licensed;2019-11-16;19967;Cambridgeshire Mississippi
7;HDD;2019-11-16;17052;Small Frozen Sausages Planner
8;envisioneer Music Public-key;2019-11-16;44015;Rubber Buckinghamshire Games
9;incentivize Tuna copy;2019-11-16;52006;Mayotte
10;Industrial;2019-11-16;77513;Markets Chief
